{
    "bed_holderL2.stl": [
        [
            -22.3607,
            -11.0,
            -26.9
        ],
        [
            22.3607,
            67.655,
            22.0
        ]
    ],
    "bed_holderF2.stl": [
        [
            -31.305,
            -11.0,
            -26.9
        ],
        [
            11.0,
            61.35,
            22.0
        ]
    ],
    "bed_holderB2.stl": [
        [
            -30.0,
            -11.0,
            -26.9
        ],
        [
            11.0,
            67.655,
            22.0
        ]
    ],
    "bed_holderL1.stl": [
        [
            -22.356,
            41.0034,
            12.1
        ],
        [
            22.356,
            67.6526,
            22.0
        ]
    ],
    "bed_holderF1.stl": [
        [
            -31.3026,
            26.972,
            12.1
        ],
        [
            9.99476,
            61.35,
            22.0
        ]
    ],
    "bed_holderB1.stl": [
        [
            -30.0,
            26.3552,
            12.1
        ],
        [
            4.37801,
            67.6526,
            22.0
        ]
    ],
    "carriage.stl": [
        [
            -27.15,
            -6.5,
            -33.8
        ],
        [
            32.7,
            48.4,
            7.0
        ]
    ],
    "idler_holderL1.stl": [
        [
            -6.5,
            404.9,
            536.317
        ],
        [
            32.1122,
            446.5,
            561.35
        ]
    ],
    "idler_holderL2.stl": [
        [
            -6.5,
            396.5,
            561.4
        ],
        [
            32.1122,
            446.5,
            576.0
        ]
    ],
    "idler_holderR1.stl": [
        [
            417.888,
            404.9,
            536.317
        ],
        [
            456.5,
            446.5,
            561.35
        ]
    ],
    "idler_holderR2.stl": [
        [
            417.888,
            396.5,
            561.4
        ],
        [
            456.5,
            446.5,
            576.0
        ]
    ],
    "leads_holder.stl": [
        [
            -49.9295,
            -43.3575,
            -29.0
        ],
        [
            18.5,
            43.3575,
            26.0
        ]
    ],
    "leads_motor_holder.stl": [
        [
            -50.15,
            -43.534,
            -26.8116
        ],
        [
            21.05,
            43.534,
            10.8676
        ]
    ],
    "loops_motor_holderL.stl": [
        [
            -21.05,
            -50.15,
            0.0
        ],
        [
            21.05,
            21.05,
            32.4815
        ]
    ],
    "loops_motor_holderR.stl": [
        [
            -21.05,
            -50.15,
            0.0
        ],
        [
            21.05,
            21.05,
            32.4815
        ]
    ],
    "mosquito_fan_duct.stl": [
        [
            -25.9799,
            -4.687,
            0.0
        ],
        [
            25.9801,
            40.687,
            17.5362
        ]
    ],
    "x_holderL1.stl": [
        [
            10.0622,
            152.708,
            561.4
        ],
        [
            48.2,
            196.5,
            604.3
        ]
    ],
    "x_holderL2.stl": [
        [
            10.0622,
            152.708,
            547.15
        ],
        [
            48.2,
            196.361,
            561.35
        ]
    ],
    "x_holderR1.stl": [
        [
            401.8,
            152.708,
            561.4
        ],
        [
            439.938,
            196.5,
            604.3
        ]
    ],
    "x_holderR2.stl": [
        [
            401.8,
            152.708,
            547.15
        ],
        [
            439.938,
            196.361,
            561.35
        ]
    ],
    "fan_holder_at_carriage.stl": [
        [
            -20.2,
            25.0,
            -33.8
        ],
        [
            18.4,
            61.3709,
            7.51255
        ]
    ]
}