{
    "holderL2.stl": [
        [
            -22.3607,
            -11.0,
            -26.9
        ],
        [
            22.3607,
            67.655,
            22.0
        ]
    ],
    "holderF2.stl": [
        [
            -31.305,
            -11.0,
            -26.9
        ],
        [
            11.0,
            61.35,
            22.0
        ]
    ],
    "holderB2.stl": [
        [
            -30.0,
            -11.0,
            -26.9
        ],
        [
            11.0,
            67.655,
            22.0
        ]
    ],
    "holderL1.stl": [
        [
            -22.356,
            41.0034,
            12.1
        ],
        [
            22.356,
            67.6526,
            22.0
        ]
    ],
    "holderF1.stl": [
        [
            -31.3026,
            26.972,
            12.1
        ],
        [
            9.99476,
            61.35,
            22.0
        ]
    ],
    "holderB1.stl": [
        [
            -30.0,
            26.3552,
            12.1
        ],
        [
            4.37801,
            67.6526,
            22.0
        ]
    ],
    "yxholderL1.stl": [
        [
            11.53,
            203.62,
            563.85
        ],
        [
            48.2,
            246.0,
            604.3
        ]
    ],
    "yxholderL2.stl": [
        [
            11.53,
            203.62,
            550.15
        ],
        [
            48.2,
            245.515,
            563.8
        ]
    ],
    "yxholderR1.stl": [
        [
            401.8,
            203.62,
            563.85
        ],
        [
            438.47,
            246.0,
            604.3
        ]
    ],
    "yxholderR2.stl": [
        [
            401.8,
            203.62,
            550.15
        ],
        [
            438.47,
            245.515,
            563.8
        ]
    ],
    "leads_motor_holder.stl": [
        [
            -50.15,
            -43.5243,
            -26.7248
        ],
        [
            21.05,
            43.5243,
            10.0676
        ]
    ],
    "lead_bearing_holder.stl": [
        [
            -49.9295,
            -43.3575,
            -29.0
        ],
        [
            16.0,
            43.3575,
            26.0
        ]
    ]
}