{
    "holderL2.stl": [
        [
            -22.3607,
            -11.0,
            -26.9
        ],
        [
            22.3607,
            67.655,
            22.0
        ]
    ],
    "holderF2.stl": [
        [
            -31.305,
            -11.0,
            -26.9
        ],
        [
            11.0,
            61.35,
            22.0
        ]
    ],
    "holderB2.stl": [
        [
            -30.0,
            -11.0,
            -26.9
        ],
        [
            11.0,
            67.655,
            22.0
        ]
    ],
    "holderL1.stl": [
        [
            -22.356,
            41.0034,
            12.1
        ],
        [
            22.356,
            67.6526,
            22.0
        ]
    ],
    "holderF1.stl": [
        [
            -31.3026,
            26.972,
            12.1
        ],
        [
            9.99476,
            61.35,
            22.0
        ]
    ],
    "holderB1.stl": [
        [
            -30.0,
            26.3552,
            12.1
        ],
        [
            4.37801,
            67.6526,
            22.0
        ]
    ]
}